살균제사용여부,생존여부
리스터린 사용,생존
리스터린 사용,생존
리스터린 사용,생존
리스터린 사용,생존
리스터린 사용,생존
리스터린 사용,생존
리스터린 사용,생존
리스터린 사용,생존
리스터린 사용,생존
리스터린 사용,생존
리스터린 사용,생존
리스터린 사용,생존
리스터린 사용,생존
리스터린 사용,생존
리스터린 사용,생존
리스터린 사용,생존
리스터린 사용,생존
리스터린 사용,생존
리스터린 사용,생존
리스터린 사용,생존
리스터린 사용,생존
리스터린 사용,생존
리스터린 사용,생존
리스터린 사용,생존
리스터린 사용,생존
리스터린 사용,생존
리스터린 사용,생존
리스터린 사용,생존
리스터린 사용,생존
리스터린 사용,생존
리스터린 사용,생존
리스터린 사용,생존
리스터린 사용,생존
리스터린 사용,생존
리스터린 사용,사망
리스터린 사용,사망
리스터린 사용,사망
리스터린 사용,사망
리스터린 사용,사망
리스터린 사용,사망
살균제 사용하지 않음,생존
살균제 사용하지 않음,생존
살균제 사용하지 않음,생존
살균제 사용하지 않음,생존
살균제 사용하지 않음,생존
살균제 사용하지 않음,생존
살균제 사용하지 않음,생존
살균제 사용하지 않음,생존
살균제 사용하지 않음,생존
살균제 사용하지 않음,생존
살균제 사용하지 않음,생존
살균제 사용하지 않음,생존
살균제 사용하지 않음,생존
살균제 사용하지 않음,생존
살균제 사용하지 않음,생존
살균제 사용하지 않음,생존
살균제 사용하지 않음,생존
살균제 사용하지 않음,생존
살균제 사용하지 않음,생존
살균제 사용하지 않음,사망
살균제 사용하지 않음,사망
살균제 사용하지 않음,사망
살균제 사용하지 않음,사망
살균제 사용하지 않음,사망
살균제 사용하지 않음,사망
살균제 사용하지 않음,사망
살균제 사용하지 않음,사망
살균제 사용하지 않음,사망
살균제 사용하지 않음,사망
살균제 사용하지 않음,사망
살균제 사용하지 않음,사망
살균제 사용하지 않음,사망
살균제 사용하지 않음,사망
살균제 사용하지 않음,사망
살균제 사용하지 않음,사망
